p1,p2,p3,p4,p5,status,n,resid,expected,dev
T,G,A,G,T,singletons,33803,-84.81091019738781,51880.29547081634,7192.89048850938
T,G,A,G,T,controls,290338,59.59044620515984,259401.4701541839,3551.0212789300494
C,T,A,T,G,singletons,164953,323.8809005707856,65797.41818855052,104898.83775454314
C,T,A,T,G,controls,194452,-254.10933183895216,328987.08181144984,64571.552527638705
C,T,A,C,C,singletons,37286,-5.4073563875314985,38339.90713679617,29.2395031017777
C,T,A,C,C,controls,145486,-110.28430127500418,191699.53036320524,12162.627107715889
A,C,A,A,T,singletons,54546,-57.72476537648642,69160.51982883843,3332.148537770405
A,C,A,A,T,controls,314104,-54.76129168107423,345802.58954616135,2998.7990665796897
A,C,A,G,A,singletons,79913,113.92691141423637,51880.29547081634,12979.341144387261
A,C,A,G,A,controls,423276,294.5556288387858,259401.4701541839,86763.01848061255
C,T,A,C,G,singletons,8455,-184.94973265657927,38339.90713679617,34206.40360974015
C,T,A,C,G,controls,25354,-479.6969327781259,191699.53036320524,230109.14731674184
G,A,A,A,T,singletons,34634,-145.42243430209055,69160.51982883843,21147.684398345846
G,A,A,A,T,controls,470447,200.83001769358043,345802.58954616135,40332.69600680383
A,C,A,T,T,singletons,156438,299.48993508974735,65797.41818855052,89694.2212200611
A,C,A,T,T,controls,417411,147.93218297474994,328987.08181144984,21883.9307596749
A,C,A,G,C,singletons,40096,-53.90845635752216,51880.29547081634,2906.1216668508714
A,C,A,G,C,controls,231997,-54.798273361498126,259401.4701541839,3002.850763401475
G,A,A,G,A,singletons,55412,15.334296204545367,51880.29547081634,235.14064008873447
G,A,A,G,A,controls,366565,197.96086028571577,259401.4701541839,39188.50220506068
C,C,A,A,A,singletons,70535,5.209310893277451,69160.51982883843,27.13691998281911
C,C,A,A,A,controls,399096,88.43739867426069,345802.58954616135,7821.173484270126
G,A,A,T,T,singletons,52398,-54.18035629762144,65797.41818855052,2935.511008537207
G,A,A,T,T,controls,349640,35.64020375128142,328987.08181144984,1270.224123432854
A,T,A,G,T,singletons,49639,-9.912220586151578,51880.29547081634,98.25211694852715
A,T,A,G,T,controls,247172,-24.20409496064402,259401.4701541839,585.8382128638732
C,C,A,A,C,singletons,22586,-206.39054614509067,69160.51982883843,42597.0575380688
C,C,A,A,C,controls,191265,-287.293911087155,345802.58954616135,82537.7913477541
A,C,A,C,T,singletons,72574,155.412324463549,38339.90713679617,24152.99059516343
A,C,A,C,T,controls,254336,136.17041952598862,191699.53036320524,18542.38315388374
G,A,A,G,C,singletons,29194,-108.63195315155284,51880.29547081634,11800.90124552117
G,A,A,G,C,controls,216099,-87.56806765416782,259401.4701541839,7668.166472684912
A,A,A,A,A,singletons,207272,422.8253362888729,69160.51982883843,178781.26500779844
A,A,A,A,A,controls,1476437,1422.9841201336048,345802.58954616135,2024883.8061524099
C,C,A,T,A,singletons,118695,185.09288503816907,65797.41818855052,34259.37609175287
C,C,A,T,A,controls,193970,-255.10713714980366,328987.08181144984,65079.65142476873
A,C,A,G,G,singletons,68258,68.54574002737901,51880.29547081634,4698.51847590103
A,C,A,G,G,controls,326048,125.7784302272838,259401.4701541839,15820.213510439702
C,T,A,A,T,singletons,53056,-63.87985115914952,69160.51982883843,4080.635384115096
C,T,A,A,T,controls,276976,-121.28735381776637,345802.58954616135,14710.622196116048
A,A,A,A,C,singletons,36566,-136.31282939362706,69160.51982883843,18581.187457296073
A,A,A,A,C,controls,497947,242.5687744041077,345802.58954616135,58839.61031591089
G,A,A,C,T,singletons,44354,29.95992633031532,38339.90713679617,897.5971857179211
G,A,A,C,T,controls,249733,126.58361220949769,191699.53036320524,16023.410880004492
C,C,A,T,C,singletons,98918,120.0777887215642,65797.41818855052,14418.675344260613
C,C,A,T,C,controls,257232,-130.12070578005668,328987.08181144984,16931.398072700074
A,A,A,T,A,singletons,171087,341.1736157539087,65797.41818855052,116399.43608659573
A,A,A,T,A,controls,791092,681.1693882669176,328987.08181144984,463991.7355119267
G,A,A,G,G,singletons,35016,-78.71870056001123,51880.29547081634,6196.633817856713
G,A,A,G,G,controls,285906,51.18912064239319,259401.4701541839,2620.3260721414845
C,C,A,A,G,singletons,44780,-99.15706173660611,69160.51982883843,9832.122892237116
C,C,A,A,G,controls,274612,-125.61916955810764,345802.58954616135,15780.175760468599
C,T,A,G,A,singletons,58109,26.82466026093473,51880.29547081634,719.5623981145709
C,T,A,G,A,controls,216937,-85.82136547522974,259401.4701541839,7365.306772032956
C,T,A,T,T,singletons,192803,400.6861010191743,65797.41818855052,160549.35154994795
C,T,A,T,T,controls,306031,-40.50241324176937,328987.08181144984,1640.445478407055
A,A,A,T,C,singletons,66025,0.8867129547380365,65797.41818855052,0.7862598641002592
A,A,A,T,C,controls,358325,50.41602935632725,328987.08181144984,2541.776016058051
C,C,A,C,A,singletons,61958,110.63096011162791,38339.90713679617,12239.209335220607
C,C,A,C,A,controls,313017,253.62817059821467,191699.53036320524,64327.24892099708
T,T,A,A,A,singletons,87285,66.19619714288565,69160.51982883843,4381.936516179783
T,T,A,A,A,controls,662545,477.61464924181394,345802.58954616135,228115.75317038095
C,T,A,G,C,singletons,24410,-134.6586013128351,51880.29547081634,18132.938907529075
C,T,A,G,C,controls,130509,-280.14747164302685,259401.4701541839,78482.60586798054
A,A,A,A,G,singletons,61167,-31.01113430808517,69160.51982883843,961.6904510740969
A,A,A,A,G,controls,600229,391.32028417566494,345802.58954616135,153131.56480732316
T,T,A,A,C,singletons,19818,-221.68987076355614,69160.51982883843,49146.39879916222
T,T,A,A,C,controls,231777,-206.36561143234005,345802.58954616135,42586.76558184356
C,C,A,C,C,singletons,54686,78.40667907683584,38339.90713679617,6147.6073238579265
C,C,A,C,C,controls,320676,268.3728575364535,191699.53036320524,72023.99066228158
A,A,A,C,A,singletons,101036,265.35385256984364,38339.90713679617,70412.66707365832
A,A,A,C,A,controls,556512,675.7151765981549,191699.53036320524,456590.9998850757
C,C,A,T,G,singletons,146161,269.4127956900373,65797.41818855052,72583.25448152178
C,C,A,T,G,controls,292133,-65.51278563052001,328987.08181144984,4291.925081070469
T,T,A,T,A,singletons,151941,286.4179354286029,65797.41818855052,82035.23373518334
T,T,A,T,A,controls,438460,181.52003634393398,328987.08181144984,32949.523594303115
A,A,A,C,C,singletons,46294,39.32684863599744,38339.90713679617,1546.6010236386537
A,A,A,C,C,controls,284489,197.56994161676616,191699.53036320524,39033.88183045239
C,T,A,C,T,singletons,80700,188.15239036113383,38339.90713679617,35401.32199860849
C,T,A,C,T,controls,243234,112.94482744075927,191699.53036320524,12756.534045622888
A,A,A,T,G,singletons,121104,192.7445152761999,65797.41818855052,37150.44816905726
A,A,A,T,G,controls,585994,403.1927145324576,328987.08181144984,162564.36505205184
T,T,A,T,C,singletons,64296,-5.875727388292696,65797.41818855052,34.5241723415329
T,T,A,T,C,controls,263729,-117.88590203482389,328987.08181144984,13897.085898564095
C,T,A,G,G,singletons,37273,-67.5609076826438,51880.29547081634,4564.476246902719
C,T,A,G,G,controls,174438,-177.4550799505104,259401.4701541839,31490.30540024204
G,G,A,A,A,singletons,83733,53.619392315081775,69160.51982883843,2875.0392322386506
G,G,A,A,A,controls,434754,145.38998716258422,345802.58954616135,21138.248367136403
C,C,A,C,G,singletons,11670,-159.92994568254406,38339.90713679617,25577.587526021493
C,C,A,C,G,controls,66879,-329.83022421418895,191699.53036320524,108787.97680518214
T,T,A,A,G,singletons,30106,-167.42274836839567,69160.51982883843,28030.37667122714
T,T,A,A,G,controls,297740,-83.7443843796183,345802.58954616135,7013.121915121257
G,G,A,A,C,singletons,16452,-241.17929192904973,69160.51982883843,58167.45085539779
G,G,A,A,C,controls,169277,-333.4836526787565,345802.58954616135,111211.34660396553
T,T,A,C,A,singletons,63601,117.7266521558645,38339.90713679617,13859.564627827916
T,T,A,C,A,controls,386327,390.11047702516373,191699.53036320524,152186.18428480078
G,G,A,T,A,singletons,42596,-96.74517970686473,65797.41818855052,9359.629796513553
G,G,A,T,A,controls,180054,-284.2654760802743,328987.08181144984,80806.86089114501
A,A,A,C,G,singletons,7512,-192.78706107945501,38339.90713679617,37166.850919653516
A,A,A,C,G,controls,55301,-367.83622520558146,191699.53036320524,135303.48857349125
A,C,A,G,T,singletons,76405,100.52228668974485,51880.29547081634,10104.730121335255
A,C,A,G,T,controls,283969,47.50360370571451,259401.4701541839,2256.5923650295736
T,T,A,T,G,singletons,78121,46.649740963506886,65797.41818855052,2176.1983319622923
T,T,A,T,G,controls,310150,-33.16272128159439,328987.08181144984,1099.7660828007138
T,T,A,C,C,singletons,29995,-44.324169648099755,38339.90713679617,1964.6320149935273
T,T,A,C,C,controls,181106,-24.423390821205654,191699.53036320524,596.5020192053526
G,G,A,T,C,singletons,22052,-198.18512748567844,65797.41818855052,39277.34475651461
G,G,A,T,C,controls,142139,-367.5953768050995,328987.08181144984,135126.3610484831
G,G,A,A,G,singletons,33177,-152.3980383409237,69160.51982883843,23225.162090161655
G,G,A,A,G,controls,339348,-11.010677771898441,345802.58954616135,121.23502499657843
G,A,A,G,T,singletons,37517,-66.36793790129366,51880.29547081634,4404.7031812699715
G,A,A,G,T,controls,261590,4.290987880845782,259401.4701541839,18.41257699356538
C,C,A,A,T,singletons,33698,-149.8928811069372,69160.51982883843,22467.87580653841
C,C,A,A,T,controls,206869,-255.53064386387638,345802.58954616135,65295.90995348722
G,G,A,C,A,singletons,43618,26.370264914313786,38339.90713679617,695.3908716510887
G,G,A,C,A,controls,210765,42.851438705711594,191699.53036320524,1836.2457991493575
T,T,A,C,G,singletons,4241,-222.5377739192392,38339.90713679617,49523.06082093042
T,T,A,C,G,controls,32395,-451.0180626432544,191699.53036320524,203417.29283047456
G,G,A,C,C,singletons,18489,-112.84144221534135,38339.90713679617,12733.19108123822
G,G,A,C,C,controls,112880,-195.12992062080582,191699.53036320524,38075.685921481985
G,G,A,T,G,singletons,43948,-90.6991812218076,65797.41818855052,8226.341474306297
G,G,A,T,G,controls,219845,-202.60059488138643,328987.08181144984,41047.00104629167
C,C,A,G,A,singletons,61191,39.7378185085383,51880.29547081634,1579.094219817529
C,C,A,G,A,controls,300257,78.23822606057516,259401.4701541839,6121.220017105661
A,A,A,A,T,singletons,70019,3.257664573770897,69160.51982883843,10.612378475201922
A,A,A,A,T,controls,957332,852.4138808669364,345802.58954616135,726609.4242946317
T,C,A,A,A,singletons,56475,-49.83715778523514,69160.51982883843,2483.742296110424
T,C,A,A,A,controls,468188,197.36476746788512,345802.58954616135,38952.85143765237
C,C,A,T,T,singletons,125329,206.0370020160485,65797.41818855052,42451.24619976117
C,C,A,T,T,controls,346126,29.626949658277407,328987.08181144984,877.7561460541037
C,C,A,G,C,singletons,59649,33.30517291755479,51880.29547081634,1109.2345430682253
C,C,A,G,C,controls,381234,223.41192835454564,259401.4701541839,49912.88973109663
A,A,A,G,A,singletons,101635,192.81929554905793,51880.29547081634,37179.280736034954
A,A,A,G,A,controls,613084,589.3154618491365,259401.4701541839,347292.71357446094
T,C,A,A,C,singletons,20373,-218.57373237035117,69160.51982883843,47774.4764823059
T,C,A,A,C,controls,201213,-266.952964072012,345802.58954616135,71263.88502683293
A,A,A,T,T,singletons,111597,162.2259374301822,65797.41818855052,26317.25477510139
A,A,A,T,T,controls,677821,531.2983978735537,328987.08181144984,282277.98758300487
A,A,A,G,C,singletons,38360,-62.26553336922156,51880.29547081634,3876.996645753643
A,A,A,G,C,controls,306351,89.5919326386306,259401.4701541839,8026.714393924922
G,G,A,C,G,singletons,5705,-208.64340824275172,38339.90713679617,43532.07180315156
G,G,A,C,G,controls,30760,-457.509619602107,191699.53036320524,209315.05202846468
C,T,A,G,T,singletons,38132,-63.37216861694472,51880.29547081634,4016.0317552144734
C,T,A,G,T,controls,159330,-211.72681057431151,259401.4701541839,44828.24231597039
T,C,A,T,A,singletons,113865,169.58616940657438,65797.41818855052,28759.46885399535
T,C,A,T,A,controls,274899,-97.07906916431442,328987.08181144984,9424.345669809743
C,C,A,C,T,singletons,67894,135.97326617310551,38339.90713679617,18488.729113782203
C,C,A,C,T,controls,291088,210.70333569047665,191699.53036320524,44395.89567109369
T,T,A,A,T,singletons,44048,-102.3743576749251,69160.51982883843,10480.509109353494
T,T,A,A,T,controls,469830,199.88412031909624,345802.58954616135,39953.661555738945
C,C,A,G,G,singletons,92274,159.62343131739613,51880.29547081634,25479.639825539474
C,C,A,G,G,controls,410806,273.7192834306516,259401.4701541839,74922.24612178939
T,C,A,T,C,singletons,72708,26.48870433941727,65797.41818855052,701.6514575810634
T,C,A,T,C,controls,263405,-118.493690083157,328987.08181144984,14040.754589523262
A,A,A,C,T,singletons,64631,122.14253922491348,38339.90713679617,14918.799888309528
A,A,A,C,T,controls,430993,468.7877146815525,191699.53036320524,219761.92143635266
T,C,A,A,G,singletons,39684,-121.9243079740489,69160.51982883843,14865.536874950725
T,C,A,A,G,controls,303947,-72.69048286755898,345802.58954616135,5283.906299518887
T,T,A,G,A,singletons,45146,-30.24282589124909,51880.29547081634,914.6285178884063
T,T,A,G,A,controls,293945,66.39609268777077,259401.4701541839,4408.441124203047
T,C,A,C,A,singletons,48570,50.14834193481174,38339.90713679617,2514.8561988107977
T,C,A,C,A,controls,351595,326.6947795244538,191699.53036320524,106729.47896853148
A,A,A,G,G,singletons,52054,0.7621980664580401,51880.29547081634,0.5809458925123749
A,A,A,G,G,controls,370632,205.05167054725936,259401.4701541839,42046.18759422179
T,T,A,T,T,singletons,135925,238.7010101346939,65797.41818855052,56978.172239323234
T,T,A,T,T,controls,717011,584.0886499554024,328987.08181144984,341159.5510067246
T,T,A,G,C,singletons,29187,-108.66900471581754,51880.29547081634,11808.952585926374
T,T,A,G,C,controls,207198,-106.26051251616629,259401.4701541839,11291.296520198332
G,G,A,A,T,singletons,25555,-190.5939861013824,69160.51982883843,36326.06753801395
G,G,A,A,T,controls,278320,-118.82998825166416,345802.58954616135,14120.566107890641
T,C,A,C,C,singletons,39735,7.082313375943733,38339.90713679617,50.15916275507152
T,C,A,C,C,controls,258299,144.37697114413768,191699.53036320524,20844.709796755167
T,C,A,T,G,singletons,107058,147.33768939184893,65797.41818855052,21708.39471532895
T,C,A,T,G,controls,304534,-43.17803278689685,328987.08181144984,1864.3425153463395
T,T,A,C,T,singletons,49878,56.289354719464846,38339.90713679617,3168.4914547337394
T,T,A,C,T,controls,309599,247.00774120428608,191699.53036320524,61012.82421484357
G,G,A,G,A,singletons,41811,-45.76756392603304,51880.29547081634,2094.6699077235207
G,G,A,G,A,controls,343929,157.99050398667524,259401.4701541839,24960.999349963648
G,G,A,T,T,singletons,37828,-118.57863502442264,65797.41818855052,14060.892684255232
G,G,A,T,T,controls,281897,-84.18497893113864,328987.08181144984,7087.110677636258
T,T,A,G,G,singletons,29093,-109.16682733861637,51880.29547081634,11917.39619117928
T,T,A,G,G,controls,216570,-86.58605622762909,259401.4701541839,7497.145133054146
T,C,A,C,G,singletons,8800,-182.14608812326068,38339.90713679617,33177.19741860665
T,C,A,C,G,controls,68895,-323.42274404193773,191699.53036320524,104602.27136361678
A,G,A,A,A,singletons,116100,162.49824949828468,69160.51982883843,26405.68109000678
A,G,A,A,A,controls,751169,595.5877844371645,345802.58954616135,354724.80897077033
G,G,A,G,C,singletons,23275,-141.06030169154556,51880.29547081634,19898.00871330985
G,G,A,G,C,controls,184248,-155.71311023697507,259401.4701541839,24246.572699672353
A,G,A,A,C,singletons,26756,-184.3643731944795,69160.51982883843,33990.22210339331
A,G,A,A,C,controls,263313,-146.49446028163592,345802.58954616135,21460.62689320781
G,G,A,C,T,singletons,28801,-50.98004121248237,38339.90713679617,2598.964602026401
G,G,A,C,T,controls,181758,-22.90673198871894,191699.53036320524,524.7183704029994
A,G,A,T,A,singletons,90827,92.20480413059676,65797.41818855052,8501.725904761712
A,G,A,T,A,controls,306946,-38.86914972082486,328987.08181144984,1510.810800019899
G,G,A,G,G,singletons,42942,-40.45859823622818,51880.29547081634,1636.8981712405257
G,G,A,G,G,controls,397992,252.079042612821,259401.4701541839,63543.84372459643
A,G,A,T,C,singletons,39873,-109.11262266732417,65797.41818855052,11905.564425341865
A,G,A,T,C,controls,211648,-219.0087932101754,328987.08181144984,47964.85150337737
C,C,A,G,T,singletons,56676,20.742316838856954,51880.29547081634,430.2437078435287
C,C,A,G,T,controls,250364,-17.848933038733378,259401.4701541839,318.584410621188
T,C,A,A,T,singletons,41704,-112.79410436897685,69160.51982883843,12722.509980399642
T,C,A,A,T,controls,291601,-94.75204572851955,345802.58954616135,8977.950169739459
A,G,A,A,G,singletons,47061,-89.23805372129337,69160.51982883843,7963.430231964441
A,G,A,A,G,controls,410422,106.70706434125697,345802.58954616135,11386.397580329154
A,A,A,G,T,singletons,58327,27.74551413678427,51880.29547081634,769.8135547144957
A,A,A,G,T,controls,442737,326.6533835941556,259401.4701541839,106702.4330135106
A,G,A,C,A,singletons,74054,161.46761512774782,38339.90713679617,26071.790735042494
A,G,A,C,A,controls,363876,349.3588944802988,191699.53036320524,122051.63715249655
C,A,A,A,A,singletons,127188,197.28175129085423,69160.51982883843,38920.089392386464
C,A,A,A,A,controls,616665,414.3725589642326,345802.58954616135,171704.6176225664
T,C,A,G,A,singletons,56945,21.88798716398465,51880.29547081634,479.08398209075676
T,C,A,G,A,controls,344699,159.36465025616135,259401.4701541839,25397.09175126863
C,A,A,A,C,singletons,47405,-87.75573255649827,69160.51982883843,7701.06859652765
C,A,A,A,C,controls,278430,-118.62903666680083,345802.58954616135,14072.848340493176
A,G,A,T,G,singletons,80072,53.799729419171165,65797.41818855052,2894.4108855760314
A,G,A,T,G,controls,336567,13.164975400902792,328987.08181144984,173.31657730637562
A,G,A,C,C,singletons,31169,-37.86360591596291,38339.90713679617,1433.6526529593411
A,G,A,C,C,controls,199793,18.357365971622272,191699.53036320524,336.9928854160753
T,C,A,T,T,singletons,122026,195.6589309517931,65797.41818855052,38282.41726119854
T,C,A,T,T,controls,467702,227.28245942481064,328987.08181144984,51657.3163621907
C,A,A,T,A,singletons,179670,365.0023063383417,65797.41818855052,133226.68363230865
C,A,A,T,A,controls,268640,-108.70310042860571,328987.08181144984,11816.364042791538
T,C,A,G,C,singletons,49387,-11.03591286555801,51880.29547081634,121.79137277618884
T,C,A,G,C,controls,300302,78.32234882943725,259401.4701541839,6134.39032616005
C,A,A,T,C,singletons,131986,226.66665556970366,65797.41818855052,51377.77274715467
C,A,A,T,C,controls,170359,-305.00174904670695,328987.08181144984,93026.0669215504
T,T,A,G,T,singletons,44247,-34.38952862885553,51880.29547081634,1182.6396793148742
T,T,A,G,T,controls,276055,32.35708941472544,259401.4701541839,1046.9812353925372
A,G,A,C,G,singletons,10381,-169.68196268533174,38339.90713679617,28791.968460746317
A,G,A,C,G,controls,61553,-347.04592882104356,191699.53036320524,120440.87671126085
T,A,A,A,A,singletons,74863,21.395575548364665,69160.51982883843,457.7706530457799
T,A,A,A,A,controls,795212,652.3740864547636,345802.58954616135,425591.94867768744
T,C,A,C,T,singletons,65102,124.15369142853092,38339.90713679617,15414.139095330873
T,C,A,C,T,controls,371201,362.7493117905235,191699.53036320524,131587.06320449844
C,A,A,A,G,singletons,71512,8.891572785738346,69160.51982883843,79.06006660408275
C,A,A,A,G,controls,402659,94.2034294682817,345802.58954616135,8874.286123585523
T,C,A,G,G,singletons,66238,60.41936401305867,51880.29547081634,3650.499547742489
T,C,A,G,G,controls,319210,113.30214790861761,259401.4701541839,12837.376720706263
G,T,A,A,A,singletons,56675,-49.02445199682212,69160.51982883843,2403.396893588717
G,T,A,A,A,controls,301158,-77.64805685732895,345802.58954616135,6029.22073371899
C,A,A,C,A,singletons,99849,261.0101443884749,38339.90713679617,68126.2954736925
C,A,A,C,A,controls,311580,250.84786721493344,191699.53036320524,62924.65248628089
T,A,A,A,C,singletons,15214,-248.63332921809277,69160.51982883843,61818.53239807251
T,A,A,A,C,controls,270429,-133.3141256684269,345802.58954616135,17772.65610273712
C,A,A,C,C,singletons,62148,111.45482606485183,38339.90713679617,12422.178253146376
C,A,A,C,C,controls,178065,-31.521328640966072,191699.53036320524,993.594159291788
T,A,A,T,A,singletons,97831,116.37998701767988,65797.41818855052,13544.301378235337
T,A,A,T,A,controls,407350,131.6750051578905,328987.08181144984,17338.30698333049
G,T,A,A,C,singletons,17450,-235.28829170701246,69160.51982883843,55360.58021440419
G,T,A,A,C,controls,133276,-413.4129517427704,345802.58954616135,170910.26866867024
C,A,A,T,G,singletons,228907,494.52367843990885,65797.41818855052,244553.66853773838
C,A,A,T,G,controls,239211,-164.59720431328643,328987.08181144984,27092.23966774976
G,G,A,G,T,singletons,33825,-84.69979731802495,51880.29547081634,7174.055665714506
G,G,A,G,T,controls,261015,3.164765122249534,259401.4701541839,10.01573827900711
G,T,A,T,A,singletons,121671,194.53770078055015,65797.41818855052,37844.91702498286
G,T,A,T,A,controls,228245,-185.98907158057153,328987.08181144984,34591.934747402964
T,A,A,T,C,singletons,41926,-99.76413769578005,65797.41818855052,9952.883170182562
T,A,A,T,C,controls,255004,-134.33951888867645,328987.08181144984,18047.106335241057
A,G,A,A,T,singletons,43197,-106.13630336268851,69160.51982883843,11264.914891496643
A,G,A,A,T,controls,457317,180.60835709429318,345802.58954616135,32619.378652299725
G,T,A,T,C,singletons,51561,-57.70739213340625,65797.41818855052,3330.1431068387174
G,T,A,T,C,controls,136888,-379.65273134080144,328987.08181144984,144136.19641453077
T,A,A,A,G,singletons,26546,-185.44739594160572,69160.51982883843,34390.736661522686
T,A,A,A,G,controls,355859,17.0193903134383,345802.58954616135,289.65964664115745
G,T,A,A,G,singletons,28644,-174.74112103303935,69160.51982883843,30534.45937988331
G,T,A,A,G,controls,169473,-333.06389095336266,345802.58954616135,110931.55545699346
C,A,A,C,G,singletons,14909,-136.740375567811,38339.90713679617,18697.930310426
C,A,A,C,G,controls,31272,-455.46668393823074,191699.53036320524,207449.90017768816
T,A,A,C,A,singletons,48723,50.86955050323968,38339.90713679617,2587.7111684016527
T,A,A,C,A,controls,294822,218.0893116244685,191699.53036320524,47562.94784483453
G,T,A,C,A,singletons,42281,19.79671076498785,38339.90713679617,391.9097571125858
G,T,A,C,A,controls,176982,-34.05881794282454,191699.53036320524,1160.003079662467
A,G,A,G,A,singletons,70986,79.39147139938923,51880.29547081634,6303.005730960038
A,G,A,G,A,controls,498547,416.09051672938244,259401.4701541839,173131.3181121245
T,A,A,C,C,singletons,18733,-111.2676556436922,38339.90713679617,12380.491192443267
T,A,A,C,C,controls,143773,-114.57720539124558,191699.53036320524,13127.935995267675
T,A,A,T,G,singletons,57207,-34.26108813617828,65797.41818855052,1173.8221602749763
T,A,A,T,G,controls,297725,-55.403313369066026,328987.08181144984,3069.5271322709305
A,G,A,T,T,singletons,59494,-24.982673814314772,65797.41818855052,624.133990912449
A,G,A,T,T,controls,347075,31.25291155700891,328987.08181144984,976.7444807902211
A,G,A,G,C,singletons,36289,-72.3978148067996,51880.29547081634,5241.4435887996515
A,G,A,G,C,controls,243309,-31.931755573613696,259401.4701541839,1019.6370140130093
G,T,A,C,C,singletons,20804,-98.15767039635978,38339.90713679617,9634.928257640404
G,T,A,C,C,controls,103798,-220.10576589710206,191699.53036320524,48446.54818114989
G,T,A,T,G,singletons,72637,26.220967867751366,65797.41818855052,687.5391559216496
G,T,A,T,G,controls,173970,-297.2359297579765,328987.08181144984,88349.19793908874
T,A,A,C,G,singletons,3291,-232.2434728687573,38339.90713679617,53937.030690141204
T,A,A,C,G,controls,28264,-467.6079905277919,191699.53036320524,218657.23280543953
C,A,A,A,T,singletons,90066,75.92208452609951,69160.51982883843,5764.162918788199
C,A,A,A,T,controls,433022,142.6611559527927,345802.58954616135,20352.205417787045
A,G,A,C,T,singletons,48311,48.925710465974774,38339.90713679617,2393.725144600394
A,G,A,C,T,controls,271970,172.36273037386894,191699.53036320524,29708.910821935046
G,T,A,C,G,singletons,3357,-231.54750259902642,38339.90713679617,53614.24595984615
G,T,A,C,G,controls,17613,-513.8855077190159,191699.53036320524,264078.3150436308
T,C,A,G,T,singletons,64334,52.682153131986304,51880.29547081634,2775.409258622054
T,C,A,G,T,controls,298654,75.23880565188206,259401.4701541839,5660.87787592168
A,G,A,G,G,singletons,42310,-43.41950849591306,51880.29547081634,1885.2537180266663
A,G,A,G,G,controls,324461,122.89084352519015,259401.4701541839,15102.15942233277
C,A,A,G,A,singletons,71023,79.53758382656473,51880.29547081634,6326.227240967812
C,A,A,G,A,controls,318263,111.56718387584047,259401.4701541839,12447.236517985599
G,C,A,A,A,singletons,41890,-111.96056621126718,69160.51982883843,12535.168386347541
G,C,A,A,A,controls,318587,-46.9089900432553,345802.58954616135,2200.4533468782247
C,A,A,T,T,singletons,208187,441.3884615312571,65797.41818855052,194823.77397293004
C,A,A,T,T,controls,299465,-52.27049462598975,328987.08181144984,2732.2046084456233
C,A,A,G,C,singletons,37980,-64.11111890413774,51880.29547081634,4110.235567140488
C,A,A,G,C,controls,200722,-120.02578239664929,259401.4701541839,14406.188439927806
G,C,A,A,C,singletons,16297,-242.10342942886177,69160.51982883843,58614.07054121586
G,C,A,A,C,controls,166251,-339.98367570960863,345802.58954616135,115588.89974901633
T,A,A,A,T,singletons,36936,-134.58569174961963,69160.51982883843,18113.308423723633
T,A,A,A,T,controls,572503,351.9287645180222,345802.58954616135,123853.8552951815
G,C,A,T,A,singletons,86791,77.98440966104504,65797.41818855052,6081.568150181694
G,C,A,T,A,controls,172204,-301.0274885702195,328987.08181144984,90617.5488748936
C,A,A,C,T,singletons,90901,227.64838649997617,38339.90713679617,51823.78787604254
C,A,A,C,T,controls,214816,51.78611206849652,191699.53036320524,2681.801403170881
G,T,A,A,T,singletons,36842,-135.02395945906275,69160.51982883843,18231.46962800262
G,T,A,A,T,controls,270621,-132.9600794708214,345802.58954616135,17678.38273288714
G,C,A,T,C,singletons,45005,-86.01399771765946,65797.41818855052,7398.407803373528
G,C,A,T,C,controls,154232,-340.3380886015025,328987.08181144984,115830.01455292414
C,A,A,G,G,singletons,48441,-15.271316848094395,51880.29547081634,233.2131182748917
C,A,A,G,G,controls,250587,-17.40595692825066,259401.4701541839,302.9673365881172
T,A,A,G,A,singletons,39546,-56.543165087689786,51880.29547081634,3197.129518133741
T,A,A,G,A,controls,297326,72.74983198394453,259401.4701541839,5292.538053692158
G,C,A,A,G,singletons,25323,-191.80755260648928,69160.51982883843,36790.137236891154
G,C,A,A,G,controls,209787,-249.67667921770817,345802.58954616135,62338.44414518235
G,T,A,G,A,singletons,46909,-22.18897721317257,51880.29547081634,492.3507097666916
G,T,A,G,A,controls,221683,-75.97040977403464,259401.4701541839,5771.5031612347375
T,A,A,T,T,singletons,77305,43.64140879466958,65797.41818855052,1904.5725615834635
T,A,A,T,T,controls,521924,309.6218135910845,328987.08181144984,95865.66745143227
G,T,A,T,T,singletons,91212,93.54990684571021,65797.41818855052,8751.585070841058
G,T,A,T,T,controls,318511,-18.36281402056371,328987.08181144984,337.1929387538112
T,A,A,G,C,singletons,17946,-172.53015877456255,51880.29547081634,29766.65568677576
T,A,A,G,C,controls,166580,-195.15623203448575,259401.4701541839,38085.95490189805
G,C,A,C,A,singletons,44455,30.450956326549065,38339.90713679617,927.2607412013986
G,C,A,C,A,controls,243709,113.9458250779679,191699.53036320524,12983.651052698857
G,T,A,G,C,singletons,25282,-129.80309262381118,51880.29547081634,16848.842854705705
G,T,A,G,C,controls,148164,-237.7274046825467,259401.4701541839,56514.318937099335
G,C,A,T,G,singletons,105496,142.16386280206086,65797.41818855052,20210.563886803182
G,C,A,T,G,controls,236914,-169.05131967645485,328987.08181144984,28578.34868435093
G,C,A,C,C,singletons,26832,-62.155783344137895,38339.90713679617,3863.3414031234097
G,C,A,C,C,controls,160069,-74.38025979687197,191699.53036320524,5532.423047450167
T,A,A,C,T,singletons,31497,-36.07292740720084,38339.90713679617,1301.2560917251812
T,A,A,C,T,controls,253313,134.04493251808333,191699.53036320524,17968.043933777517
G,T,A,C,T,singletons,31378,-36.72188478711096,38339.90713679617,1348.4968223178512
G,T,A,C,T,controls,142451,-117.90161569847324,191699.53036320524,13900.790984310472
T,A,A,G,G,singletons,20110,-159.44659951711242,51880.29547081634,25423.218097570432
T,A,A,G,G,controls,194650,-133.06447510972274,259401.4701541839,17706.154536226022
A,G,A,G,T,singletons,47563,-19.226867583946724,51880.29547081634,369.6724370906213
A,G,A,G,T,controls,285155,49.7611966301717,259401.4701541839,2476.1766900666116
C,G,A,A,A,singletons,6279,-309.24689467746595,69160.51982883843,95633.64186765571
C,G,A,A,A,controls,40692,-660.358025165323,345802.58954616135,436072.72140024544
G,T,A,G,G,singletons,27200,-119.30343546289771,51880.29547081634,14233.3097132498
G,T,A,G,G,controls,139564,-258.17906063488465,259401.4701541839,66656.42735031145
C,G,A,A,C,singletons,2180,-344.80147991030157,69160.51982883843,118888.06054833409
C,G,A,A,C,controls,27974,-703.5415800484466,345802.58954616135,494970.7548570647
G,C,A,C,G,singletons,8406,-185.35058133317332,38339.90713679617,34354.8380005453
G,C,A,C,G,controls,46492,-398.3583502149919,191699.53036320524,158689.37518601012
C,G,A,T,A,singletons,5814,-302.9087037177955,65797.41818855052,91753.68278799523
C,G,A,T,A,controls,22742,-700.6895052294228,328987.08181144984,490965.7827386534
C,G,A,T,C,singletons,5254,-307.4522907784022,65797.41818855052,94526.91110488717
C,G,A,T,C,controls,37131,-649.3879335067935,328987.08181144984,421704.6881842237
C,G,A,A,G,singletons,3081,-336.1368373261046,69160.51982883843,112987.97340759612
C,G,A,A,G,controls,36036,-675.687197646667,345802.58954616135,456553.1890636059
T,G,A,A,A,singletons,62451,-25.943195113346984,69160.51982883843,673.0493726891909
T,G,A,A,A,controls,560545,334.73591501959936,345802.58954616135,112048.13280400843
C,A,A,G,T,singletons,61824,42.36256878096545,51880.29547081634,1794.587233722028
C,A,A,G,T,controls,258124,-2.5102766879320924,259401.4701541839,6.3014890499753164
C,G,A,C,A,singletons,5251,-212.8357909962105,38339.90713679617,45299.0739289826
C,G,A,C,A,controls,31946,-452.7914771122422,191699.53036320524,205020.12174548613
G,C,A,A,T,singletons,32206,-157.0999788330691,69160.51982883843,24680.403349350752
G,C,A,A,T,controls,225619,-218.35608829557611,345802.58954616135,47679.381295745436
T,G,A,A,C,singletons,19880,-221.34048987175044,69160.51982883843,48991.61245666645
T,G,A,A,C,controls,262666,-147.69856071228043,345802.58954616135,21814.864836479188
C,G,A,C,C,singletons,3060,-234.7083013195892,38339.90713679617,55087.98670832707
C,G,A,C,C,controls,22035,-493.95602784620314,191699.53036320524,243992.55744559903
C,G,A,T,G,singletons,6116,-300.5055950457474,65797.41818855052,90303.6126537987
C,G,A,T,G,controls,33022,-663.4043102464269,328987.08181144984,440105.2788535375
T,G,A,T,A,singletons,66246,1.7468068074086682,65797.41818855052,3.0513340224092644
T,G,A,T,A,controls,270292,-105.6265066092153,328987.08181144984,11156.958898466604
G,C,A,G,A,singletons,50255,-7.1733620765414985,51880.29547081634,51.45712348116376
G,C,A,G,A,controls,297212,72.53599560241226,259401.4701541839,5261.4706580331695
G,C,A,T,T,singletons,78889,49.47142330456718,65797.41818855052,2447.421723779673
G,C,A,T,T,controls,273903,-98.92295602849893,328987.08181144984,9785.751229416332
T,G,A,T,C,singletons,35311,-130.45569105660735,65797.41818855052,17018.687329056986
T,G,A,T,C,controls,231847,-178.92654355170566,328987.08181144984,32014.707987360423
T,G,A,A,G,singletons,25663,-190.0301932108835,69160.51982883843,36111.47433176572
T,G,A,A,G,controls,352558,11.450717878961951,345802.58954616135,131.11893994357888
G,C,A,G,C,singletons,30954,-99.40332031682189,51880.29547081634,9881.020090008697
G,C,A,G,C,controls,221715,-75.90422620541894,259401.4701541839,5761.451555843407
T,A,A,G,T,singletons,31093,-98.68167968378624,51880.29547081634,9738.07390521339
T,A,A,G,T,controls,257174,-4.379746849748283,259401.4701541839,19.18218246788001
C,G,A,C,G,singletons,1061,-258.7384920497975,38339.90713679617,66945.60726820312
C,G,A,C,G,controls,6650,-570.4328238547363,191699.53036320524,325393.60653088853
T,G,A,C,A,singletons,48822,51.33580472306209,38339.90713679617,2635.3648465643637
T,G,A,C,A,controls,286753,202.08747884596175,191699.53036320524,40839.34910631704
A,T,A,A,A,singletons,124182,187.96003008232802,69160.51982883843,35328.97290854965
A,T,A,A,A,controls,669123,486.5543616299119,345802.58954616135,236735.14682109107
G,T,A,G,T,singletons,34293,-82.34159110355947,51880.29547081634,6780.137625465784
G,T,A,G,T,controls,169315,-188.96546225377068,259401.4701541839,35707.945924781234
A,T,A,A,C,singletons,25017,-193.41338308153024,69160.51982883843,37408.73675504277
A,T,A,A,C,controls,211205,-246.84133442463707,345802.58954616135,60930.64438053552
G,C,A,C,T,singletons,48195,48.37740101739513,38339.90713679617,2340.3729291978634
G,C,A,C,T,controls,226745,77.77273120032054,191699.53036320524,6048.597718357312
T,G,A,C,C,singletons,26020,-66.84134523911743,38339.90713679617,4467.765433374887
T,G,A,C,C,controls,196701,11.374042638516375,191699.53036320524,129.36884594278854
T,G,A,T,G,singletons,53172,-50.93515346831607,65797.41818855052,2594.38985884091
T,G,A,T,G,controls,311353,-31.02519306379244,328987.08181144984,962.5626046455945
G,C,A,G,G,singletons,50824,-4.653374739747351,51880.29547081634,21.653896468518724
G,C,A,G,G,controls,279938,39.80666511016438,259401.4701541839,1584.5705871927785
A,T,A,T,A,singletons,239238,520.3586344675265,65797.41818855052,270773.1084649088
A,T,A,T,A,controls,565786,374.0823354761989,328987.08181144984,139937.59371532744
A,T,A,T,C,singletons,68223,9.39886370794179,65797.41818855052,88.33863900046526
A,T,A,T,C,controls,246610,-150.3431340790936,328987.08181144984,22603.057964724314
T,G,A,C,G,singletons,4840,-216.71712630993383,38339.90713679617,46966.31283603581
T,G,A,C,G,controls,33521,-446.6006020578419,191699.53036320524,199452.09775842685
C,G,A,A,T,singletons,2767,-339.0795472714471,69160.51982883843,114974.93937780951
C,G,A,A,T,controls,32483,-687.7388800467024,345802.58954616135,472984.7671278925
A,T,A,A,G,singletons,41278,-114.70765547579195,69160.51982883843,13157.846224752982
A,T,A,A,G,controls,258620,-155.250401766859,345802.58954616135,24102.687248771137
A,T,A,C,A,singletons,90232,225.10809711728444,38339.90713679617,50673.65538776477
A,T,A,C,A,controls,369342,359.3598203655888,191699.53036320524,129139.48049318825
C,G,A,G,A,singletons,6907,-249.18264530030808,51880.29547081634,62091.99071885915
C,G,A,G,A,controls,68109,-447.6885363623889,259401.4701541839,200425.02559029803
C,G,A,T,T,singletons,5491,-305.51492027202517,65797.41818855052,93339.3665088219
C,G,A,T,T,controls,40167,-639.296451557276,328987.08181144984,408699.9529737245
A,T,A,C,C,singletons,35444,-14.981991585847247,38339.90713679617,224.46007187839768
A,T,A,C,C,controls,165991,-60.10909606019841,191699.53036320524,3613.10342917416
A,T,A,T,G,singletons,117423,181.03081526993682,65797.41818855052,32772.15607729799
A,T,A,T,G,controls,339333,17.94431295872747,328987.08181144984,321.99836756075456
C,G,A,G,C,singletons,3153,-282.4785018129453,51880.29547081634,79794.10398648612
C,G,A,G,C,controls,29086,-577.3591817882764,259401.4701541839,333343.62479522795
T,G,A,A,T,singletons,30277,-166.57401586033208,69160.51982883843,27746.902759838165
T,G,A,A,T,controls,413585,111.77865688191889,345802.58954616135,12494.468134325754
A,T,A,C,G,singletons,6566,-200.93597090209616,38339.90713679617,40375.26440236803
A,T,A,C,G,controls,35841,-437.6277546392005,191699.53036320524,191518.05163054826
C,G,A,C,T,singletons,3376,-231.34780404690383,38339.90713679617,53521.806437324616
C,G,A,C,T,controls,23662,-486.8988287061659,191699.53036320524,237070.4693954363
T,G,A,G,A,singletons,46677,-23.24303136734833,51880.29547081634,540.2385071435383
T,G,A,G,A,controls,443165,327.35372818451947,259401.4701541839,107160.46335630427
C,G,A,G,G,singletons,5850,-257.9251275818701,51880.29547081634,66525.37143812396
C,G,A,G,G,controls,60622,-470.42982969992784,259401.4701541839,221304.22467150312
A,C,A,A,A,singletons,90612,77.8195164222602,69160.51982883843,6055.877136194424
A,C,A,A,A,controls,547144,315.3166955701427,345802.58954616135,99424.61850527406
T,G,A,T,T,singletons,51536,-57.813026055899954,65797.41818855052,3342.345981740167
T,G,A,T,T,controls,389218,102.0278899220942,328987.08181144984,10409.690321954971
T,G,A,G,C,singletons,31317,-97.52090720677592,51880.29547081634,9510.3273424326
T,G,A,G,C,controls,289809,58.58994876765615,259401.4701541839,3432.782096596573
G,C,A,G,T,singletons,56447,19.765566918043447,51880.29547081634,390.6776355916536
G,C,A,G,T,controls,271472,23.519226588239217,259401.4701541839,553.1540193089386
A,C,A,A,C,singletons,24368,-196.83908165655822,69160.51982883843,38745.6240673972
A,C,A,A,C,controls,196801,-275.93400182559634,345802.58954616135,76139.57336348819
G,A,A,A,A,singletons,73955,18.026299335447767,69160.51982883843,324.9474677311646
G,A,A,A,A,controls,642318,449.92847571281385,345802.58954616135,202435.63325725612
A,C,A,T,A,singletons,190803,395.3097732898796,65797.41818855052,156269.81685849602
A,C,A,T,A,controls,336580,13.187468559216342,328987.08181144984,173.90932700031954
A,T,A,A,T,singletons,64933,-16.243292609245064,69160.51982883843,263.84455478955533
A,T,A,A,T,controls,473185,205.02242953804807,345802.58954616135,42034.19661368389
T,G,A,C,T,singletons,33682,-24.29623894426295,38339.90713679617,590.3072268367196
T,G,A,C,T,controls,267759,163.79484091492947,191699.53036320524,26828.749910347047
G,A,A,A,C,singletons,21995,-209.60781194014518,69160.51982883843,43935.434826335266
G,A,A,A,C,controls,301675,-76.72792727091941,345802.58954616135,5887.174823291498
A,C,A,T,C,singletons,71762,22.914143122499198,65797.41818855052,525.0579550383773
A,C,A,T,C,controls,211558,-219.19006978891008,328987.08181144984,48044.28669406727
T,G,A,G,G,singletons,32359,-92.15563960192853,51880.29547081634,8492.661910440536
T,G,A,G,G,controls,353542,175.07161916311992,259401.4701541839,30650.0718363965
A,C,A,A,G,singletons,41239,-114.88315334984058,69160.51982883843,13198.138923602986
A,C,A,A,G,controls,248122,-175.0263504645799,345802.58954616135,30634.22335694995
A,T,A,G,A,singletons,58934,30.30346082336774,51880.29547081634,918.2997378733835
A,T,A,G,A,controls,293491,65.54104365624265,259401.4701541839,4295.628403549505
G,A,A,T,A,singletons,70366,17.6101694942387,65797.41818855052,310.11806961581533
G,A,A,T,A,controls,303886,-44.3375671614842,328987.08181144984,1965.819861799122
A,T,A,T,T,singletons,142977,259.9435409819054,65797.41818855052,67570.64449821154
A,T,A,T,T,controls,585179,402.02551491453073,328987.08181144984,161624.51464229356
A,C,A,C,A,singletons,82635,195.77433255441215,38339.90713679617,38327.589287125564
A,C,A,C,A,controls,443335,490.01028362731483,191699.53036320524,240110.0780605215
A,T,A,G,C,singletons,27585,-117.22426211448212,51880.29547081634,13741.527628284806
A,T,A,G,C,controls,175554,-174.9621546658125,259401.4701541839,30611.755565303698
G,A,A,T,C,singletons,35127,-131.33425245274046,65797.41818855052,17248.685867320164
G,A,A,T,C,controls,205710,-231.02264031574074,328987.08181144984,53371.46033845612
C,T,A,A,A,singletons,92311,83.69903406846316,69160.51982883843,7005.528303993757
C,T,A,A,A,controls,333699,-20.7044479350081,345802.58954616135,428.6741642934612
A,C,A,C,C,singletons,36755,-8.151031733985198,38339.90713679617,66.43931832843373
A,C,A,C,C,controls,194897,7.282747477629206,191699.53036320524,53.03841082291456
G,A,A,A,G,singletons,38850,-125.7367586059498,69160.51982883843,15809.732464730892
G,A,A,A,G,controls,381998,60.52211713548692,345802.58954616135,3662.9266625616
A,C,A,T,G,singletons,175635,353.8521433154292,65797.41818855052,125211.33932892306
A,C,A,T,G,controls,317360,-20.392484585537904,328987.08181144984,415.85342757140097
G,A,A,C,A,singletons,53631,73.61247757180072,38339.90713679617,5418.796854258864
G,A,A,C,A,controls,272777,173.9994821839783,191699.53036320524,30275.81980029258
C,T,A,A,C,singletons,22356,-207.63957632539734,69160.51982883843,43114.19365659051
C,T,A,A,C,controls,146630,-383.06801454334544,345802.58954616135,146741.10376618072
A,T,A,C,T,singletons,59333,99.15750144833531,38339.90713679617,9832.21009347662
A,T,A,C,T,controls,251646,130.57512600811202,191699.53036320524,17049.86353203433
G,A,A,C,C,singletons,26381,-64.75249080490556,38339.90713679617,4192.885065439379
G,A,A,C,C,controls,161859,-70.04859102115029,191699.53036320524,4906.805104048377
A,T,A,G,G,singletons,32377,-92.0634467859126,51880.29547081634,8475.678234102561
A,T,A,G,G,controls,184273,-155.65818763729243,259401.4701541839,24229.471378526534
C,T,A,T,A,singletons,183161,374.5768089410899,65797.41818855052,140307.78579648977
C,T,A,T,A,controls,214234,-213.81062269971434,328987.08181144984,45714.982379239606
G,A,A,T,G,singletons,59023,-26.883766508457967,65797.41818855052,722.7369016812863
G,A,A,T,G,controls,309995,-33.438329991661625,328987.08181144984,1118.1219126312571
C,G,A,G,T,singletons,4536,-269.4087845931366,51880.29547081634,72581.09321595108
C,G,A,G,T,controls,40222,-537.0421905494901,259401.4701541839,288414.3144301948
A,C,A,C,G,singletons,9908,-173.34883205750668,38339.90713679617,30049.817575701654
A,C,A,C,G,controls,52488,-377.4161669051884,191699.53036320524,142442.96304140502
C,T,A,T,C,singletons,104849,140.01304374287037,65797.41818855052,19603.652418142927
C,T,A,T,C,controls,151426,-346.60179925514376,328987.08181144984,120132.80724690296
C,T,A,A,G,singletons,36533,-136.467138153539,69160.51982883843,18623.2797958171
C,T,A,A,G,controls,189307,-291.3365605425524,345802.58954616135,84876.99150876427
G,A,A,C,G,singletons,4652,-218.52201844496452,38339.90713679617,47751.872545261416
G,A,A,C,G,controls,31386,-455.013081425909,191699.53036320524,207036.90426870086
C,T,A,C,A,singletons,80157,186.00196595729565,38339.90713679617,34596.73133997897
C,T,A,C,A,controls,233236,91.71860946596034,191699.53036320524,8412.30332236935
